<?xml version="1.0" encoding="UTF-8"?>

<mule xmlns:ee="http://www.mulesoft.org/schema/mule/ee/core" xmlns:file="http://www.mulesoft.org/schema/mule/file"
	xmlns:xml-module="http://www.mulesoft.org/schema/mule/xml-module"
	xmlns:validation="http://www.mulesoft.org/schema/mule/validation" xmlns:http="http://www.mulesoft.org/schema/mule/http" xmlns="http://www.mulesoft.org/schema/mule/core" xmlns:doc="http://www.mulesoft.org/schema/mule/documentation" xmlns:xsi="http://www.w3.org/2001/XMLSchema-instance" xsi:schemaLocation="http://www.mulesoft.org/schema/mule/core http://www.mulesoft.org/schema/mule/core/current/mule.xsd
http://www.mulesoft.org/schema/mule/http http://www.mulesoft.org/schema/mule/http/current/mule-http.xsd
http://www.mulesoft.org/schema/mule/validation http://www.mulesoft.org/schema/mule/validation/current/mule-validation.xsd
http://www.mulesoft.org/schema/mule/xml-module http://www.mulesoft.org/schema/mule/xml-module/current/mule-xml-module.xsd
http://www.mulesoft.org/schema/mule/file http://www.mulesoft.org/schema/mule/file/current/mule-file.xsd
http://www.mulesoft.org/schema/mule/ee/core http://www.mulesoft.org/schema/mule/ee/core/current/mule-ee.xsd">
	<http:listener-config name="HTTP_Listener_config" doc:name="HTTP Listener config" doc:id="bad2a7fe-bbb8-492e-a501-2d6978e11068" >
		<http:listener-connection host="0.0.0.0" port="8081" />
	</http:listener-config>
	<file:config name="File_Config" doc:name="File Config" doc:id="78eed85f-0b35-42c1-b49e-e763b84dd34c" />
	<flow name="user_recordFlow" doc:id="b89a392e-8f78-428f-8758-72f2a73b83b2" >
		<http:listener doc:name="Listener" doc:id="473eea38-d707-4026-803a-a71d4ca312e3" config-ref="HTTP_Listener_config" path="/record"/>
		<logger level="INFO" doc:name="Logger" doc:id="29b4869f-1b78-4948-b9ac-002403be2008" message="#[payload]"/>
		<xml-module:validate-schema doc:name="Validate schema" doc:id="327e5b84-9f88-4889-8482-e3ba5a99a5c5" schemas="Schemas/record.json" schemaLanguage="RELAXNG"/>
		<ee:transform doc:name="Transform Message" doc:id="f41b8453-03b0-4dae-a94d-ecbffcc6a039" >
			<ee:message >
				<ee:set-payload ><![CDATA[%dw 2.0
output application/json
---
{
}]]></ee:set-payload>
			</ee:message>
		</ee:transform>
		<logger level="INFO" doc:name="Logger" doc:id="be543b93-5d4b-445c-b176-1b77757fa633" message='#["payload Validation is successful"]'/>
		<error-handler >
			<on-error-propagate enableNotifications="true" logException="true" doc:name="On Error Propagate" doc:id="1a4e7b42-802c-4fe0-a1d9-a11b00670da7" type="XML-MODULE:SCHEMA_NOT_HONOURED">
				<file:write doc:name="Write" doc:id="0e5f9950-841c-48f3-ad4b-5e7a4794c957" config-ref="File_Config" path="F:\scatter\user.json" mode="APPEND">
					<file:content ><![CDATA[#[error.errorMessage.payload]]]></file:content>
				</file:write>
				<logger level="INFO" doc:name="Logger" doc:id="06358e0e-1e52-498f-a736-4cad43955b4e" message="Error is written in the file"/>
			</on-error-propagate>
		</error-handler>
	</flow>
</mule>
