<?xml version="1.0" encoding="UTF-8"?>

<mule xmlns:ee="http://www.mulesoft.org/schema/mule/ee/core" xmlns="http://www.mulesoft.org/schema/mule/core"
	xmlns:doc="http://www.mulesoft.org/schema/mule/documentation"
	xmlns:xsi="http://www.w3.org/2001/XMLSchema-instance" xsi:schemaLocation="http://www.mulesoft.org/schema/mule/core http://www.mulesoft.org/schema/mule/core/current/mule.xsd
http://www.mulesoft.org/schema/mule/ee/core http://www.mulesoft.org/schema/mule/ee/core/current/mule-ee.xsd">
	<flow name="dataweaveapiFlow" doc:id="abbf57f0-f89c-4d69-ba6b-ad4c7e47607e" >
		<ee:transform doc:name="Transform Message" doc:id="10ec297f-b629-4290-a6d2-96da4833d26e" >
			<ee:message >
				<ee:set-payload ><![CDATA[%dw 2.0
output application/json
---
{
	number:1,
	number:2
}
]]></ee:set-payload>
			</ee:message>
		</ee:transform>
	</flow>
</mule>
