<?xml version="1.0" encoding="UTF-8"?>

<mule xmlns:ee="http://www.mulesoft.org/schema/mule/ee/core" xmlns:http="http://www.mulesoft.org/schema/mule/http"
	xmlns="http://www.mulesoft.org/schema/mule/core"
	xmlns:doc="http://www.mulesoft.org/schema/mule/documentation" xmlns:xsi="http://www.w3.org/2001/XMLSchema-instance" xsi:schemaLocation="http://www.mulesoft.org/schema/mule/core http://www.mulesoft.org/schema/mule/core/current/mule.xsd
http://www.mulesoft.org/schema/mule/http http://www.mulesoft.org/schema/mule/http/current/mule-http.xsd
http://www.mulesoft.org/schema/mule/ee/core http://www.mulesoft.org/schema/mule/ee/core/current/mule-ee.xsd">
	<http:listener-config name="HTTP_Listener_config" doc:name="HTTP Listener config" doc:id="0b32ae28-63b3-4b0d-aa4e-6d1b39de3cce" >
		<http:listener-connection host="0.0.0.0" port="8082" />
	</http:listener-config>
	<flow name="dataweave1Flow" doc:id="e5dfc54f-a9ba-4b46-a58e-d090bd065260" >
		<http:listener doc:name="Listener" doc:id="7fd946cf-5b91-4791-abca-8e27e8e2c9ff" config-ref="HTTP_Listener_config" path="/flight"/>
		<ee:transform doc:name="Transform Message" doc:id="8cd2e014-7bb0-46e6-80d3-60f6161c1081" >
			<ee:message >
				<ee:set-payload ><![CDATA[%dw 2.0
output application/xml
---
{
    "airline": "Air India",
    "Flightcode": "100",
    "From": "VJD"
}
]]></ee:set-payload>
			</ee:message>
		</ee:transform>
		<logger level="INFO" doc:name="Logger" doc:id="eee8e640-2dd1-4d60-986c-0e36d71b210b" />
	</flow>
</mule>
