<?xml version='1.0' encoding='UTF-8'?>
<types:mule xmlns:types="http://www.mulesoft.org/schema/mule/types">
  <types:catalog>
    <types:type name="flightcode" format="json">
      <types:shape format="weave" example="json_flight_playground.json"><![CDATA[%dw 2.0

type flightcode = Array<{|  "type": String,   currency: String,   amount: String|}> {"example": "[{\\\"type\\\":\\\"balance\\\",\\\"currency\\\":\\\"120\\\",\\\"amount\\\":\\\"120\\\"}]"}

]]></types:shape>
    </types:type>
    <types:type name="flightcode1" format="java">
      <types:shape format="raml"><![CDATA[#%RAML 1.0 DataType
type: string]]></types:shape>
    </types:type>
  </types:catalog>
  <types:enrichment select="#7fd946cf-5b91-4791-abca-8e27e8e2c9ff">
    <types:processor-declaration>
      <types:output-event>
        <types:message>
          <types:payload type="flightcode"/>
        </types:message>
      </types:output-event>
    </types:processor-declaration>
  </types:enrichment>
  <types:enrichment select="#8cd2e014-7bb0-46e6-80d3-60f6161c1081">
    <types:processor-declaration>
      <types:output-event>
        <types:message>
          <types:payload type="flightcode"/>
        </types:message>
      </types:output-event>
    </types:processor-declaration>
  </types:enrichment>
</types:mule>