<?xml version="1.0" encoding="UTF-8"?>

<mule xmlns:tls="http://www.mulesoft.org/schema/mule/tls" xmlns:http="http://www.mulesoft.org/schema/mule/http"
	xmlns="http://www.mulesoft.org/schema/mule/core"
	xmlns:doc="http://www.mulesoft.org/schema/mule/documentation" xmlns:xsi="http://www.w3.org/2001/XMLSchema-instance" xsi:schemaLocation="http://www.mulesoft.org/schema/mule/core http://www.mulesoft.org/schema/mule/core/current/mule.xsd
http://www.mulesoft.org/schema/mule/http http://www.mulesoft.org/schema/mule/http/current/mule-http.xsd
http://www.mulesoft.org/schema/mule/tls http://www.mulesoft.org/schema/mule/tls/current/mule-tls.xsd">
	<http:listener-config name="HTTP_Listener_config" doc:name="HTTP Listener config" doc:id="63d5fe31-6d6c-4fd1-8902-135c7e650775" >
		<http:listener-connection host="localhost" port="8084" protocol="HTTPS">
			<tls:context >
				<tls:trust-store path="keystore.jks" password="password" type="jks" />
				<tls:key-store type="jks" path="keystore.jks" alias="mule" keyPassword="password" password="password" />
			</tls:context>
		</http:listener-connection>
	</http:listener-config>
	<flow name="firstappFlow" doc:id="2a12b2f9-1c41-46d3-87e5-c025a1010e13" >
		<http:listener doc:name="Listener" doc:id="d2e2b710-3a77-428b-ac79-3aa8f36ad651" config-ref="HTTP_Listener_config" path="/hello"/>
		<set-payload doc:name="Hellofirstapp" doc:id="922a2106-fe7a-47ac-97bf-5c288610802a" value='#["Hello" ++(attributes.queryParams.name default "User")]'/>
		<logger level="INFO" doc:name="Logger" doc:id="bd831ab9-7e18-423e-959a-bdd4b2a95d68" />
	</flow>
</mule>
