<?xml version="1.0" encoding="UTF-8"?>

<mule xmlns:ee="http://www.mulesoft.org/schema/mule/ee/core" xmlns:file="http://www.mulesoft.org/schema/mule/file"
	xmlns:http="http://www.mulesoft.org/schema/mule/http"
	xmlns="http://www.mulesoft.org/schema/mule/core" xmlns:doc="http://www.mulesoft.org/schema/mule/documentation" xmlns:xsi="http://www.w3.org/2001/XMLSchema-instance" xsi:schemaLocation="http://www.mulesoft.org/schema/mule/core http://www.mulesoft.org/schema/mule/core/current/mule.xsd
http://www.mulesoft.org/schema/mule/http http://www.mulesoft.org/schema/mule/http/current/mule-http.xsd
http://www.mulesoft.org/schema/mule/file http://www.mulesoft.org/schema/mule/file/current/mule-file.xsd
http://www.mulesoft.org/schema/mule/ee/core http://www.mulesoft.org/schema/mule/ee/core/current/mule-ee.xsd">
	<http:listener-config name="HTTP_Listener_config" doc:name="HTTP Listener config" doc:id="b25c4ece-23e6-4026-911d-05ab7afa7719" >
		<http:listener-connection host="0.0.0.0" port="8081" />
	</http:listener-config>
	<flow name="scatter-gaterFlow" doc:id="1f4921d3-e48e-491a-9113-858c306ffd9c" >
		<http:listener doc:name="Listener" doc:id="5071f853-0287-494f-afd9-7644cf856016" config-ref="HTTP_Listener_config" path="/scatter"/>
		<scatter-gather doc:name="Scatter-Gather" doc:id="1aa51036-451d-4df1-b872-e2e19d39dddf" >
			<route >
				<file:write doc:name="Write" doc:id="f9aeab23-9490-47eb-ac5b-283b5290d2c7" path="F:\scatter\1.json"/>
			</route>
			<route >
				<http:request method="PUT" doc:name="Request" doc:id="f7124b90-93c4-46ff-a9d0-2cf988896f97" url="http://localhost:8081/scatter1"/>
			</route>
		</scatter-gather>
		<ee:transform doc:name="Transform Message" doc:id="144dbdce-f414-456b-acb3-27f6dc81bdbb" >
			<ee:message >
				<ee:set-payload ><![CDATA[%dw 2.0
output application/json
---
payload]]></ee:set-payload>
			</ee:message>
		</ee:transform>
	</flow>
	<flow name="scatter-gaterFlow1" doc:id="bd08f47d-4c74-4518-96e9-7d8eee0d7f08" >
		<http:listener doc:name="Listener" doc:id="a5fd4a94-8545-4577-9bba-0d494ec40b8a" config-ref="HTTP_Listener_config" path="/scatter1"/>
		<logger level="INFO" doc:name="Logger" doc:id="34c50c5d-0373-4462-ac74-352fba280efc" />
	</flow>
</mule>
